parameterization_id,iteration_number,sim_id,likelihood,ART Link Max,ART Link Mid,All: Infmrl Condoms Late,All: LOW Risk,All: Trns Condoms Late,Base Infectivity,Circumcision Reduced Acquire,Infmrl Condoms Late,Infmrl Form Rate,Infrml Condom Mid,Infrml Condom Rate,Infrml Dur Het,Male To Female Old,Male To Female Young,Max Infmrl F LOW,Max Infmrl F MED,Max Infmrl M LOW,Max Infmrl M MED,Max Mrtl F ME,Max Mrtl M ME,Max Trns F LOW,Max Trns F MED,Max Trns M LOW,Max Trns M MED,Mrtl Condom Max,Mrtl Condom Mid,Mrtl Condom Rate,Mrtl Form Rate,Pr Ex Infmrl Fem LOW,Pr Ex Infmrl Fem MED,Pr Ex Infmrl Male LOW,Pr Ex Infmrl Male MED,Pr Ex Trns Fem LOW,Pr Ex Trns Fem MED,Pr Ex Trns Male LOW,Pr Ex Trns Male MED,PreART Link Max,PreART Link Mid,PreART Link Min,Risk Assortivity,SeedYr HIGH,Sexual Debut Age Female Weibull Heterogeneity,Sexual Debut Age Female Weibull Scale,Sexual Debut Age Male Weibull Heterogeneity,Sexual Debut Age Male Weibull Scale,Trns Condom Late,Trns Condom Mid,Trns Condom Rate,Trns Form Rate,run_number
0,36,103e170a-d503-e911-a2bd-c4346bcb1555,95.86245366,1,2005.842625,0.627329462,0.934742856,0.199770867,0.001413433,0.6,0.371252236,0.000838737,1997.782565,2.058364105,0.685301858,2.420192068,2.544127,1.659348472,0.903841413,1.747477648,0.789072715,1.195008673,0.926020588,1.518093954,3.056766514,1.456898902,3.167605158,0.184096421,1995.019991,3.65932404,0.000105146,0.082265683,0.393161806,0.424575101,0.390559139,0.061257342,0.562794907,0.170723899,0.576596651,0.914732043,1997.631852,0.619985371,0.499827217,1991,0.06604952,16.41491839,0.060356739,16.23045005,0.604057355,2005.781847,1.845960027,0.001347908,57782
1,33,0732b60c-d002-e911-a2bd-c4346bcb1555,95.84480685,1,2006.03644,0.647755692,0.932835554,0.207255696,0.001509659,0.6,0.374656243,0.000802966,1997.940951,2.01715096,0.681916915,2.217496321,2.899857163,1.680390829,0.887963687,1.774940288,0.777226259,1.263137332,0.957095993,1.518657125,3.080570169,1.435305504,3.01549878,0.191145588,1995.251746,3.664119383,0.000108344,0.075263525,0.413318151,0.414424915,0.376999401,0.070334141,0.573543642,0.165664322,0.591747699,0.866164054,1998.282481,0.629759303,0.502562867,1991,0.062628879,16.48810159,0.044445908,16.59185276,0.605674416,2006.083812,2.00506268,0.001399348,52520
2,40,2c8adc86-2604-e911-a2bd-c4346bcb1555,95.84247642,0.997263328,2006.156478,0.621621741,0.908182167,0.167066427,0.001453586,0.6,0.35970935,0.000754356,1997.054077,2.064031183,0.707149762,2.239677711,2.349713793,1.624426666,0.884607411,1.758522729,0.689320717,1.124733688,0.933927049,1.505036191,3.155486504,1.516781704,3.106775659,0.19376476,1994.001606,3.614948302,0.000108402,0.068070332,0.397612785,0.463718183,0.394526052,0.063547868,0.627414222,0.15213949,0.587114037,0.975577426,1997.003,0.62042598,0.400532275,1991,0.06710128,16.70444183,0.024802389,16.32071449,0.623151,2006.875862,1.838748977,0.001253501,4153
3,29,7211a147-46fd-e811-a2bd-c4346bcb1555,95.83915553,1,2005.886326,0.586184687,0.935651482,0.231285645,0.001468256,0.6,0.364299211,0.000971731,1999.535374,1.865013803,0.677969489,2.307667529,3.763543723,1.717316102,0.893085901,1.687900728,0.672233009,1.266236306,0.917971926,1.460244313,3.183365518,1.531957909,2.6535269,0.237996903,1995.360296,3.482127591,0.000110921,0.030562477,0.376971306,0.474794862,0.383501617,0.100949861,0.572146243,0.198320774,0.57500538,0.838890766,1999.143318,0.614828932,0.473078756,1991,0.054184633,16.19003661,0.044746403,16.76720591,0.569332668,2006.834815,1.820890239,0.001253158,55812
4,36,78dffee0-d503-e911-a2bd-c4346bcb1555,95.83715251,1,2005.856994,0.61722664,0.950555651,0.200338054,0.001599359,0.6,0.355264871,0.000820921,1997.867253,1.965054702,0.676425954,2.539713596,2.132342591,1.607712492,0.852290193,1.759463136,0.823491954,1.227813148,0.905247986,1.520979476,3.013322533,1.489628905,3.19039222,0.176773716,1995.664892,3.740656327,0.000102028,0.09636921,0.38101649,0.451014906,0.369863809,0.061054252,0.547244951,0.179874973,0.587710213,0.942920041,1997.762956,0.573219518,0.512748802,1991,0.054779523,16.3253501,0.076263767,16.06627126,0.595493419,2004.997001,1.792661268,0.001404842,31619
5,33,4200be58-cf02-e911-a2bd-c4346bcb1555,95.8362252,1,2005.962924,0.67560627,0.933393716,0.209155385,0.001482018,0.6,0.393063963,0.000936093,1998.766329,1.956084432,0.699214085,2.156436981,3.071561182,1.762191964,0.915211694,1.735800116,0.702697112,1.231205279,0.986453719,1.472555248,2.899307166,1.490646076,2.894805587,0.208488091,1994.948383,3.664281425,0.000115332,0.09422726,0.381617884,0.435597897,0.364743633,0.082780715,0.584749634,0.162720479,0.592725865,0.86193274,1999.151344,0.591337141,0.485236895,1991,0.073863474,16.46612142,0.054450177,16.42809375,0.622655478,2006.809295,1.947085523,0.001339796,36493
6,35,9b2d027b-6f03-e911-a2bd-c4346bcb1555,95.83596397,1,2005.842625,0.627329462,0.934742856,0.199770867,0.001413433,0.6,0.371252236,0.000838737,1997.782565,2.058364105,0.685301858,2.420192068,2.544127,1.659348472,0.903841413,1.747477648,0.789072715,1.195008673,0.926020588,1.518093954,3.056766514,1.456898902,3.167605158,0.184096421,1995.019991,3.65932404,0.000105146,0.082265683,0.393161806,0.424575101,0.390559139,0.061257342,0.562794907,0.170723899,0.576596651,0.914732043,1997.631852,0.619985371,0.499827217,1991,0.06604952,16.41491839,0.060356739,16.23045005,0.604057355,2005.781847,1.845960027,0.001347908,42994
7,34,d9739fcc-0b03-e911-a2bd-c4346bcb1555,95.83514889,1,2006.03644,0.647755692,0.932835554,0.207255696,0.001509659,0.6,0.374656243,0.000802966,1997.940951,2.01715096,0.681916915,2.217496321,2.899857163,1.680390829,0.887963687,1.774940288,0.777226259,1.263137332,0.957095993,1.518657125,3.080570169,1.435305504,3.01549878,0.191145588,1995.251746,3.664119383,0.000108344,0.075263525,0.413318151,0.414424915,0.376999401,0.070334141,0.573543642,0.165664322,0.591747699,0.866164054,1998.282481,0.629759303,0.502562867,1991,0.062628879,16.48810159,0.044445908,16.59185276,0.605674416,2006.083812,2.00506268,0.001399348,26102
8,31,7d62629c-f801-e911-a2bd-c4346bcb1555,95.83427986,1,2006.162353,0.611378073,0.931649912,0.215617706,0.001465151,0.6,0.409181091,0.000907367,1998.854428,1.84750568,0.68642814,2.162912858,3.545717934,1.762242149,0.903770894,1.725685788,0.734760359,1.300534084,0.9,1.486478711,3.128285853,1.496537206,2.897430118,0.213881318,1994.386526,3.706466713,0.00011438,0.072609752,0.391025509,0.440962799,0.379856335,0.082155273,0.580653439,0.199528293,0.596793045,0.833956606,1998.635438,0.607508349,0.43627897,1991,0.059877817,16.40730516,0.04930155,16.38477621,0.603026124,2006.805957,1.909152643,0.001302801,14787
9,38,f91e5e16-fa03-e911-a2bd-c4346bcb1555,95.83366467,1,2006.337225,0.650450577,0.915519791,0.194913246,0.0013932,0.6,0.365442222,0.000628992,1997.08189,2.029843617,0.651002428,2.403670335,2.621983492,1.593356915,0.89151302,1.755557526,0.768484692,1.202381123,0.925684145,1.519677697,3.081263796,1.479067017,3.05998761,0.191957849,1994.417693,3.645896269,0.000108533,0.056353156,0.37081791,0.461788944,0.38212874,0.06092597,0.566922135,0.159922843,0.589347024,0.923120668,1997.110466,0.662247914,0.43156582,1991,0.07248855,16.31281361,0.040734753,16.17220664,0.618077476,2006.996652,1.888659223,0.001254921,63291
10,49,28c02f90-8c0e-e911-a2bd-c4346bcb1555,95.83179198,1,2005.919593,0.58288218,0.941436697,0.129367456,0.001349307,0.6,0.305340606,0.000985835,1998.209219,2.456053906,0.671435278,2.652565493,3.08621053,1.599443712,0.941739044,1.668619913,0.737916075,1.124126725,0.952920497,1.512648309,3.172035569,1.565370942,2.98966125,0.196415736,1993.862812,3.470693113,0.000103699,0.132977088,0.40954332,0.552652644,0.368418422,0.057527355,0.645308853,0.094752476,0.68551491,0.960126411,1998.40532,0.649103485,0.45333922,1991,0.033135754,16.72199227,0.018165283,16.31942145,0.676034567,2007.314487,1.973596485,0.001448395,29051
11,35,25eddbb5-7103-e911-a2bd-c4346bcb1555,95.83173156,1,2005.978109,0.673857374,0.947045863,0.191788001,0.001535833,0.6,0.356669332,0.000816141,1997.094279,2.093906394,0.723180561,2.445940246,2.952726982,1.664661513,0.860412257,1.8175797,0.803809076,1.269139531,0.933765955,1.514766914,3.1026948,1.424100536,2.98003068,0.187645444,1995.702598,3.576781549,0.000113995,0.089909668,0.422404193,0.416196143,0.376349062,0.065821634,0.598349066,0.162850011,0.620815607,0.840895841,1997.949071,0.597797319,0.535222694,1991,0.075752782,16.50197337,0.057469803,16.50475201,0.633280836,2006.085598,2.189001696,0.001507505,24342
12,49,2a839fd5-8e0e-e911-a2bd-c4346bcb1555,95.83119487,1,2005.94484,0.554728587,0.952131782,0.147087976,0.001587329,0.6,0.351105453,0.000826361,1997.374503,2.256257477,0.708737741,2.617779868,3.098019243,1.632783528,0.874820556,1.614913064,0.749212144,1.150566083,1.032317741,1.520937612,3.251776636,1.584719327,2.910604924,0.185763427,1993.178255,3.490203614,0.000101614,0.155693138,0.382104757,0.523921519,0.389062356,0.060143725,0.643628056,0.076247966,0.718932691,0.999026174,1997.67679,0.689755833,0.494265439,1991,0.039530272,16.89992761,0.041909635,16.40255416,0.673949373,2007.086475,1.594735204,0.001408428,24574
13,28,254ebfab-38fd-e811-a2bd-c4346bcb1555,95.83068041,1,2005.850757,0.591213356,0.934847218,0.24132459,0.001511257,0.6,0.373554231,0.001044621,1999.026593,1.881978218,0.694309606,2.253314843,3.92132043,1.745654276,0.95358294,1.707756868,0.653238424,1.252679015,0.913913181,1.4287534,3.101499297,1.536315107,2.628546516,0.254555354,1995.742955,3.587738833,0.000114579,0.020799351,0.393464795,0.480134317,0.402632816,0.096399876,0.54515813,0.199626837,0.579506112,0.843049888,1999.190948,0.638893823,0.472386131,1991,0.047237417,16.27422467,0.041248242,16.87155415,0.572734846,2007.110203,1.880935651,0.001301409,2216
14,49,23634ff2-8d0e-e911-a2bd-c4346bcb1555,95.83034434,0.96309216,2005.86167,0.596691024,0.945190361,0.103495565,0.001591027,0.6,0.321059063,0.000896573,1997.317717,2.253776623,0.697181851,2.772220102,3.23449888,1.65063675,0.853127853,1.638890022,0.756888111,1.127552338,0.95982357,1.590760521,3.18422684,1.536619697,2.905298298,0.185321745,1993.880313,3.644209892,0.000105579,0.123653552,0.380705076,0.543367117,0.39754563,0.064994249,0.629018823,0.087773609,0.680356887,0.977185988,1998.063263,0.656848685,0.462095132,1991,0.037264488,16.72283,0.039065092,16.48001497,0.682025472,2007.763365,1.997027114,0.001462562,34467
15,33,b401c75d-cd02-e911-a2bd-c4346bcb1555,95.83032452,1,2006.080061,0.645451516,0.923666967,0.206878378,0.001437695,0.6,0.429360222,0.000884607,1997.892251,1.825046136,0.747955896,2.049832228,3.217219032,1.759540247,0.88191014,1.731902514,0.677320787,1.287626052,0.944792231,1.45027907,3.002732205,1.524034339,3.066768826,0.205927561,1994.679201,3.873583141,0.000125809,0.071449364,0.369066289,0.418750441,0.356422736,0.072955098,0.58764913,0.169849665,0.55262023,0.881003994,1998.616642,0.583598205,0.46118644,1991,0.077513446,16.35184904,0.053413377,16.42828275,0.601807104,2006.190808,1.980997677,0.001383913,33840
16,36,6813b573-d603-e911-a2bd-c4346bcb1555,95.83022989,1,2006.063715,0.591803568,0.931325233,0.198408116,0.001522903,0.6,0.359532024,0.000843636,1998.077335,1.969115626,0.695943663,2.451909834,2.415551316,1.704089828,0.959191609,1.719414075,0.727721441,1.210966029,0.9,1.524641633,3.095159323,1.417713182,3.223377332,0.183933084,1995.223638,3.708875831,0.000104207,0.075753055,0.414888026,0.413371984,0.407387886,0.041955132,0.553048689,0.157730701,0.61364644,0.970876889,1997.803033,0.584045785,0.499255685,1991,0.0758993,16.42981446,0.056972184,16.40251489,0.612836105,2005.659,1.935977135,0.001292335,24597
17,37,f4cdd1f6-e703-e911-a2bd-c4346bcb1555,95.82918348,1,2006.357588,0.637696492,0.92373681,0.216490461,0.001444019,0.6,0.373572417,0.000761072,1997.168452,2.08923932,0.668734223,2.348302718,2.728432523,1.657435113,0.880705937,1.733527327,0.769428763,1.236368207,0.927337526,1.502602912,3.13075974,1.439239887,3.125790147,0.200923623,1994.653742,3.589254513,0.000104438,0.06015501,0.400850916,0.432157706,0.390525161,0.065281466,0.564506133,0.156121295,0.576203071,0.924288219,1997.63741,0.659028861,0.486568804,1991,0.067640475,16.29808445,0.059256085,16.15914226,0.598707194,2006.103299,1.771519575,0.001244551,23551
18,30,b95f61e3-8efd-e811-a2bd-c4346bcb1555,95.82914779,1,2005.99836,0.578132343,0.940026042,0.237191499,0.001496005,0.6,0.405598519,0.000927448,1999.689095,1.889248001,0.70733436,2.250979191,3.708348475,1.725318727,0.88703095,1.71568203,0.66759272,1.296859961,0.909139516,1.483618955,3.154005844,1.472128872,2.726848588,0.223343368,1994.71356,3.615820439,0.000114202,0.072415799,0.390465253,0.465490859,0.366391893,0.08861393,0.594093973,0.19858582,0.576817627,0.836886958,1998.911011,0.592194553,0.479105141,1991,0.059170149,16.29985666,0.04780051,16.66113709,0.566643498,2006.620302,1.929981061,0.0012341,55369
19,43,caaca14d-8c0a-e911-a2bd-c4346bcb1555,95.82713783,1,2006.092664,0.602732322,0.941233564,0.142210092,0.001506979,0.6,0.366076579,0.000860594,1999.010573,2.350585475,0.723690413,2.532316889,2.952071426,1.608276443,0.976785279,1.695299276,0.785134213,1.126951351,0.932536373,1.464447608,3.037722165,1.503121991,3.098168561,0.172754825,1993.95042,3.460292123,0.000110788,0.101064462,0.379819515,0.516961885,0.369347561,0.049273505,0.635477664,0.118646658,0.622768255,0.959137716,1997.845346,0.652438646,0.398723091,1991,0.064474147,16.65118208,0.042956794,16.22559763,0.66828281,2007.82946,2.029383614,0.001398211,16970
20,29,9dd226cb-44fd-e811-a2bd-c4346bcb1555,95.82605965,1,2005.850757,0.591213356,0.934847218,0.24132459,0.001511257,0.6,0.373554231,0.001044621,1999.026593,1.881978218,0.694309606,2.253314843,3.92132043,1.745654276,0.95358294,1.707756868,0.653238424,1.252679015,0.913913181,1.4287534,3.101499297,1.536315107,2.628546516,0.254555354,1995.742955,3.587738833,0.000114579,0.020799351,0.393464795,0.480134317,0.402632816,0.096399876,0.54515813,0.199626837,0.579506112,0.843049888,1999.190948,0.638893823,0.472386131,1991,0.047237417,16.27422467,0.041248242,16.87155415,0.572734846,2007.110203,1.880935651,0.001301409,38913
21,28,d77486d6-35fd-e811-a2bd-c4346bcb1555,95.82576908,0.997591682,2005.847287,0.539181059,0.927343116,0.248528208,0.001468748,0.6,0.371634456,0.00106488,1999.594241,1.819911687,0.655756587,2.345769184,4.010387894,1.792206018,1.059683443,1.687702145,0.642082117,1.230423737,0.913382806,1.392554285,3.166200325,1.541261057,2.432980175,0.268515356,1995.39919,3.99351726,0.000102372,0.0348168,0.402884532,0.476922584,0.41988264,0.100055358,0.540546064,0.21447629,0.581937664,0.821878598,2000.737054,0.683876432,0.478967213,1991,0.056918751,15.95500869,0.025145254,17.03494179,0.581478409,2007.004225,1.878045984,0.001154531,24292
22,29,f64231ab-46fd-e811-a2bd-c4346bcb1555,95.82440936,0.998903155,2005.655532,0.613915634,0.936699302,0.279900585,0.001573049,0.6,0.328329646,0.001076154,1998.515256,1.816766729,0.661587251,2.22462279,3.938871268,1.768544754,0.928462368,1.697418062,0.654310441,1.207508693,0.941284101,1.410957309,3.054832134,1.558009342,2.525199018,0.255494456,1996.047959,3.639496597,0.000118931,0.004952718,0.391715885,0.472014352,0.40176454,0.085514969,0.565432753,0.215604959,0.567510983,0.823780284,1999.626365,0.568449985,0.459683482,1991,0.05004693,16.52741666,0.041019712,16.89934468,0.557153078,2007.267557,1.821148973,0.001267961,41612
23,32,c11166b1-0a02-e911-a2bd-c4346bcb1555,95.82393904,1,2006.178349,0.615389741,0.927437145,0.227878906,0.001486207,0.6,0.415487677,0.000870738,1998.254962,1.844681869,0.711589136,2.168875666,3.245806371,1.737520841,0.902433924,1.724366784,0.733974822,1.271809501,0.9313827,1.475196915,2.998502229,1.488892047,3.010095109,0.21057666,1995.133516,3.777559631,0.000112164,0.085210453,0.383885295,0.444061947,0.360810327,0.074513284,0.594562536,0.177164822,0.581261312,0.833252955,1998.765093,0.6232072,0.487541135,1991,0.068768739,16.4965118,0.055757264,16.50237496,0.617108036,2005.934192,1.978521294,0.001377914,15867
24,35,dc1e98ae-7103-e911-a2bd-c4346bcb1555,95.82388984,1,2005.73877,0.649096651,0.936753122,0.180160448,0.00147407,0.6,0.418672383,0.000872769,1997.454109,1.89184027,0.712614622,2.116884752,3.057453463,1.67229752,0.873634797,1.775460613,0.733504748,1.30150714,0.991421695,1.500482816,3.132447931,1.41592262,3.144358588,0.185183447,1995.053895,3.540841799,0.00011054,0.055637048,0.404469562,0.439429714,0.360339037,0.08108675,0.570917857,0.148309379,0.57543094,0.906088125,1998.62159,0.631614273,0.492046969,1991,0.052098457,16.51894531,0.042887638,16.8949957,0.590103642,2005.270261,2.005977208,0.001477106,3251
25,34,398f3bf7-1203-e911-a2bd-c4346bcb1555,95.82358883,0.988487252,2006.20234,0.666321745,0.931745056,0.247663432,0.001470743,0.6,0.392560817,0.000762405,1998.302641,2.044215969,0.670359122,2.305144266,3.076034976,1.723959581,0.837113473,1.758005748,0.836938479,1.196318366,0.975791164,1.539632981,3.164709439,1.478593265,3.033521514,0.183241556,1994.947005,3.696536702,0.000115317,0.086582301,0.394766259,0.42030308,0.386675119,0.075783562,0.575303734,0.163390204,0.59135223,0.861575076,1997.803989,0.686374905,0.521086666,1991,0.067028771,16.51167246,0.038858893,16.62751732,0.592411143,2006.26668,2.052377916,0.001374338,33334
26,39,93304bbe-0904-e911-a2bd-c4346bcb1555,95.82249177,1,2006.193042,0.601642178,0.915891447,0.176909187,0.001407352,0.6,0.369498688,0.000604878,1997.122358,2.090184264,0.656293745,2.312928313,2.671417226,1.586046749,0.8952056,1.806984745,0.710874577,1.166754548,0.915498072,1.543134114,3.112581377,1.518518038,3.043129534,0.187256436,1994.544909,3.601216906,0.000106993,0.054886516,0.390727673,0.474738617,0.384600741,0.057197787,0.599314389,0.134765432,0.56305172,0.91849762,1996.747169,0.649174515,0.419797673,1991,0.073003259,16.45223328,0.035014286,16.46609134,0.637303952,2007.142747,1.733262698,0.001240615,27650
27,30,1144703d-8cfd-e811-a2bd-c4346bcb1555,95.82183699,0.985344032,2006.080721,0.568213006,0.939671459,0.208331261,0.001579083,0.6,0.377076117,0.000889133,1999.352378,1.90567227,0.701258869,2.316752788,3.25015479,1.709221072,0.97226367,1.662822402,0.674629348,1.280952681,0.90400146,1.488898882,3.184358165,1.511607685,2.770064129,0.247342829,1994.84832,3.470264868,0.000115448,0.039873939,0.383496998,0.495179716,0.360014244,0.108035608,0.55018411,0.202419729,0.601996419,0.859886629,1998.943259,0.554788587,0.449296089,1991,0.050841606,16.01143266,0.034530106,16.67140332,0.59930058,2006.235981,1.797220265,0.001328236,56071
28,31,592b3b25-fa01-e911-a2bd-c4346bcb1555,95.82130158,1,2006.060865,0.545841034,0.919925513,0.247058442,0.001238921,0.6,0.386936481,0.000934531,1998.985528,1.815081584,0.700368565,2.361733495,3.679129943,1.711359913,0.981209929,1.706512037,0.60942118,1.293334312,0.928092443,1.5129343,3.19586482,1.475758891,2.548510121,0.234692758,1995.07791,3.40758268,0.000113823,0.068331619,0.406503842,0.468776837,0.371561886,0.085936809,0.618555302,0.210947018,0.582604153,0.818720364,1998.306877,0.603156571,0.497448256,1991,0.058279943,16.31485676,0.036575979,16.66698742,0.586550808,2006.458105,1.862476999,0.001231916,42141
29,47,960b3f30-650e-e911-a2bd-c4346bcb1555,95.81962002,0.987439044,2005.95227,0.599649686,0.948168431,0.142640092,0.001545206,0.6,0.325530949,0.000877303,1997.812939,2.27692964,0.700727615,2.635625932,3.097663262,1.603256291,0.941847995,1.672881405,0.744089925,1.103717079,1.000497699,1.527955597,3.189921621,1.539405064,2.922342896,0.188482074,1993.316872,3.48682721,0.000104534,0.132749865,0.385260732,0.534808347,0.379667458,0.056717296,0.654523632,0.078333936,0.689920436,0.970242992,1998.367201,0.648390752,0.455804846,1991,0.037757755,16.76137554,0.032369403,16.32001228,0.660615719,2007.206837,1.936288261,0.001410286,16047
30,46,56018807-5a0c-e911-a2bd-c4346bcb1555,95.81935233,0.987439044,2005.95227,0.599649686,0.948168431,0.142640092,0.001545206,0.6,0.325530949,0.000877303,1997.812939,2.27692964,0.700727615,2.635625932,3.097663262,1.603256291,0.941847995,1.672881405,0.744089925,1.103717079,1.000497699,1.527955597,3.189921621,1.539405064,2.922342896,0.188482074,1993.316872,3.48682721,0.000104534,0.132749865,0.385260732,0.534808347,0.379667458,0.056717296,0.654523632,0.078333936,0.689920436,0.970242992,1998.367201,0.648390752,0.455804846,1991,0.037757755,16.76137554,0.032369403,16.32001228,0.660615719,2007.206837,1.936288261,0.001410286,14160
31,34,a25f1ce7-0b03-e911-a2bd-c4346bcb1555,95.81840373,1,2005.706139,0.627459827,0.934888953,0.232824339,0.001519983,0.6,0.382658049,0.000997817,1997.368992,2.040568324,0.64635825,2.244225196,2.817911659,1.685811004,0.893524364,1.761934552,0.797631671,1.243703497,0.971194773,1.535120757,3.071997496,1.491317877,3.149648403,0.195690708,1995.377749,3.81489955,0.000109539,0.071071543,0.410570511,0.432847102,0.389242203,0.065768482,0.573208661,0.159704353,0.55372315,0.886443556,1997.781752,0.603404653,0.54455376,1991,0.061096431,16.54274417,0.04110419,16.48915281,0.57841441,2005.458863,1.988795553,0.001394955,56157
32,36,a3e55b9b-d703-e911-a2bd-c4346bcb1555,95.8182014,0.99680228,2006.07292,0.615885391,0.928711629,0.202141297,0.0013832,0.6,0.344103768,0.000885016,1998.63519,2.03967129,0.674134822,2.322928238,2.833587508,1.691760148,0.926311896,1.760396044,0.816209852,1.19870316,0.926005427,1.521543531,3.057708303,1.468433506,3.147785735,0.185789744,1995.884989,3.456013912,0.000108092,0.06440379,0.388513009,0.437335561,0.391756551,0.063854817,0.562893158,0.178329131,0.557397639,0.918852458,1998.005274,0.62112554,0.487960057,1991,0.055924517,16.41133608,0.063266062,15.98500715,0.602237384,2005.791869,1.691965267,0.001385361,22557
33,33,c20a8e38-cf02-e911-a2bd-c4346bcb1555,95.81757397,0.996893439,2005.956624,0.591959955,0.93834037,0.21919797,0.001602088,0.6,0.448701088,0.000859501,1998.524193,1.947633344,0.747852113,2.012551129,3.367058724,1.674082911,0.969247372,1.695605987,0.764287861,1.301112969,0.964337552,1.452441899,3.037846336,1.494687703,3.013618511,0.211058964,1995.05757,3.870207502,0.000106793,0.093983273,0.396833561,0.432009322,0.375523891,0.075807766,0.610467987,0.196216959,0.562918359,0.80339862,1998.100514,0.636715989,0.493613822,1991,0.085998603,16.39185256,0.066558239,16.53066236,0.615909371,2005.539952,2.121379799,0.001333115,20434
34,45,baf03b6a-b00a-e911-a2bd-c4346bcb1555,95.81736216,1,2006.188781,0.57586097,0.946019127,0.127396751,0.001566611,0.6,0.336481703,0.000955283,1998.263409,2.330152723,0.727550462,2.459066686,2.972132589,1.576836007,0.945939509,1.655094809,0.791916426,1.145334355,0.954275329,1.515257304,3.141942009,1.517661949,3.06943956,0.177644473,1993.546644,3.529894166,0.000113799,0.127309493,0.40859515,0.52924926,0.372418042,0.058131475,0.62659837,0.10184429,0.657526757,0.944738556,1998.290426,0.631697686,0.422595012,1991,0.043771621,16.6976668,0.041172057,16.3240739,0.645295818,2007.918535,1.974723377,0.001396479,10619
35,28,58702e40-35fd-e811-a2bd-c4346bcb1555,95.81719163,0.995713567,2005.747219,0.559996696,0.937019937,0.233187376,0.001493781,0.6,0.366147401,0.001155202,1999.490164,1.734781967,0.668279323,2.308164921,4.089893863,1.768234,0.949650228,1.741772617,0.685158988,1.2587958,0.927638722,1.425141416,3.125446036,1.536733009,2.511726518,0.264922362,1995.76859,3.793541628,0.000114651,0.05874339,0.378980463,0.439099746,0.40817187,0.095373701,0.539721792,0.208580781,0.596381944,0.855554113,1999.952853,0.676256952,0.485945576,1991,0.055658211,15.9895073,0.019075979,16.99432146,0.562898978,2006.925466,1.793508894,0.001226585,52883
36,48,32b2f1c8-770e-e911-a2bd-c4346bcb1555,95.81658556,0.987439044,2005.95227,0.599649686,0.948168431,0.142640092,0.001545206,0.6,0.325530949,0.000877303,1997.812939,2.27692964,0.700727615,2.635625932,3.097663262,1.603256291,0.941847995,1.672881405,0.744089925,1.103717079,1.000497699,1.527955597,3.189921621,1.539405064,2.922342896,0.188482074,1993.316872,3.48682721,0.000104534,0.132749865,0.385260732,0.534808347,0.379667458,0.056717296,0.654523632,0.078333936,0.689920436,0.970242992,1998.367201,0.648390752,0.455804846,1991,0.037757755,16.76137554,0.032369403,16.32001228,0.660615719,2007.206837,1.936288261,0.001410286,56875
37,40,0fa22b83-2804-e911-a2bd-c4346bcb1555,95.81625352,1,2006.214293,0.5739918,0.917577268,0.170457948,0.001328587,0.6,0.360252749,0.000636682,1997.592475,2.171601976,0.647902376,2.381762559,2.742933775,1.596692373,0.933518592,1.77558876,0.643451071,1.196091337,0.934737624,1.500190111,3.134737006,1.484184927,3.078924845,0.193125062,1994.638615,3.691890331,0.000113207,0.072614544,0.376826246,0.436602728,0.372044151,0.056469629,0.621043029,0.115848576,0.567959314,0.965195646,1997.1943,0.641530389,0.43514984,1991,0.065205625,16.59659164,0.039545386,16.58215411,0.623897091,2007.128854,1.68195323,0.001250489,9297
38,37,7ce704e4-e903-e911-a2bd-c4346bcb1555,95.81586662,1,2005.992522,0.656626923,0.927490688,0.19403751,0.001473387,0.6,0.371953707,0.000858845,1998.350432,2.020921208,0.681509759,2.242118714,2.568537808,1.631638218,0.935109838,1.769505701,0.842965995,1.175379603,0.932510828,1.532409326,3.00000314,1.463474461,3.116654556,0.180037377,1995.149614,3.667161881,0.000104049,0.069646921,0.399515578,0.415623819,0.383994839,0.05929635,0.57236712,0.15184052,0.565048899,0.906249451,1997.971669,0.645978805,0.443200199,1991,0.069966406,16.34170034,0.057739581,16.34659494,0.621124297,2006.583288,1.887019808,0.001396693,703
39,29,f94fffc9-49fd-e811-a2bd-c4346bcb1555,95.81532168,1,2005.761534,0.618208605,0.941262708,0.229230997,0.001578972,0.6,0.39716208,0.001063449,1999.314487,1.883123999,0.670520004,2.200912647,3.86493602,1.764925074,1.00574761,1.659433916,0.683161922,1.269376384,0.9,1.442468639,3.127761326,1.496173056,2.629429892,0.244701051,1995.790774,3.523955321,0.000112836,0.012217206,0.409158315,0.503341247,0.404509345,0.096216086,0.558940512,0.221891766,0.572822035,0.869974925,1999.067637,0.62023195,0.481519226,1991,0.045298116,16.14499214,0.041893083,17.14816529,0.578288599,2007.703894,1.888371772,0.00132331,26111
40,44,f0f8ec71-a10a-e911-a2bd-c4346bcb1555,95.8152505,1,2006.188781,0.57586097,0.946019127,0.127396751,0.001566611,0.6,0.336481703,0.000955283,1998.263409,2.330152723,0.727550462,2.459066686,2.972132589,1.576836007,0.945939509,1.655094809,0.791916426,1.145334355,0.954275329,1.515257304,3.141942009,1.517661949,3.06943956,0.177644473,1993.546644,3.529894166,0.000113799,0.127309493,0.40859515,0.52924926,0.372418042,0.058131475,0.62659837,0.10184429,0.657526757,0.944738556,1998.290426,0.631697686,0.422595012,1991,0.043771621,16.6976668,0.041172057,16.3240739,0.645295818,2007.918535,1.974723377,0.001396479,55042
41,36,363e170a-d503-e911-a2bd-c4346bcb1555,95.81327936,1,2006.190072,0.583302111,0.930108065,0.22062922,0.00140181,0.6,0.381694138,0.000858046,1997.619653,2.090735308,0.695821024,2.502786373,2.920067993,1.670920515,0.883447381,1.741644486,0.855024385,1.189695407,0.934833451,1.500154907,3.118447933,1.527683031,3.170371411,0.189098117,1995.829924,3.727510723,0.000101238,0.062921266,0.39840359,0.413809249,0.367189597,0.059635488,0.542772563,0.172948026,0.571230009,0.882480437,1997.462927,0.66311996,0.515763192,1991,0.074147858,16.50033137,0.067781727,16.11373329,0.592302795,2006.321488,1.90573607,0.001316914,46739
42,35,120bb108-6f03-e911-a2bd-c4346bcb1555,95.81309767,1,2006.03644,0.647755692,0.932835554,0.207255696,0.001509659,0.6,0.374656243,0.000802966,1997.940951,2.01715096,0.681916915,2.217496321,2.899857163,1.680390829,0.887963687,1.774940288,0.777226259,1.263137332,0.957095993,1.518657125,3.080570169,1.435305504,3.01549878,0.191145588,1995.251746,3.664119383,0.000108344,0.075263525,0.413318151,0.414424915,0.376999401,0.070334141,0.573543642,0.165664322,0.591747699,0.866164054,1998.282481,0.629759303,0.502562867,1991,0.062628879,16.48810159,0.044445908,16.59185276,0.605674416,2006.083812,2.00506268,0.001399348,62646
43,47,5b429d60-690e-e911-a2bd-c4346bcb1555,95.81202973,1,2006.281422,0.604759087,0.944723638,0.142942204,0.001616151,0.6,0.367940127,0.000825756,1998.036125,2.217367702,0.687058427,2.715303378,2.735524844,1.640189153,0.948823649,1.68298168,0.728169115,1.082617727,1.011109646,1.555922963,3.164032278,1.544460221,2.857661748,0.189657738,1993.004959,3.255159458,0.000103773,0.118482118,0.369282428,0.525757125,0.373909332,0.051552828,0.626072052,0.07668813,0.6760569,0.986571017,1998.876536,0.609155392,0.433283778,1991,0.032725322,16.78034588,0.030218355,16.44691704,0.626009569,2006.727068,2.074795547,0.001305125,6383
44,30,c95b3f4c-8ffd-e811-a2bd-c4346bcb1555,95.81181124,1,2005.936874,0.586304406,0.943844699,0.25724067,0.001559237,0.6,0.367208842,0.001051517,1999.327364,1.85139089,0.693876582,2.414094446,3.820820718,1.723634285,0.935893718,1.696153731,0.656768493,1.236154262,0.908245451,1.452773076,3.127371002,1.532694709,2.632840599,0.245963846,1994.796183,3.460334616,0.000112108,0.034476217,0.377565025,0.43122793,0.390660295,0.099121906,0.579212874,0.187971359,0.550299108,0.854345334,1998.62024,0.562506755,0.447916055,1991,0.052952681,16.32126889,0.051941181,16.53986974,0.573719131,2006.114569,1.792831247,0.001241916,47566
45,44,0d948ce4-a10a-e911-a2bd-c4346bcb1555,95.81171238,1,2005.996043,0.647532012,0.942116621,0.101446619,0.001490754,0.6,0.353004571,0.000891209,1998.724479,2.235632374,0.748172805,2.600881434,3.181198815,1.60540972,0.937501916,1.665721076,0.811215369,1.179540639,0.957728394,1.499790902,2.94429931,1.548058744,3.161074546,0.175682219,1993.850145,3.337681977,0.000114706,0.110917727,0.382143318,0.535786603,0.354781248,0.059580771,0.653584083,0.087334972,0.629719923,0.956410167,1998.11172,0.695333933,0.344111203,1991,0.065290182,16.60429839,0.044254438,16.15514467,0.618392073,2008.066981,2.105612553,0.001313435,21800
46,40,4ffd1801-2604-e911-a2bd-c4346bcb1555,95.81141185,1,2006.193042,0.601642178,0.915891447,0.176909187,0.001407352,0.6,0.369498688,0.000604878,1997.122358,2.090184264,0.656293745,2.312928313,2.671417226,1.586046749,0.8952056,1.806984745,0.710874577,1.166754548,0.915498072,1.543134114,3.112581377,1.518518038,3.043129534,0.187256436,1994.544909,3.601216906,0.000106993,0.054886516,0.390727673,0.474738617,0.384600741,0.057197787,0.599314389,0.134765432,0.56305172,0.91849762,1996.747169,0.649174515,0.419797673,1991,0.073003259,16.45223328,0.035014286,16.46609134,0.637303952,2007.142747,1.733262698,0.001240615,61159
47,37,7d69df6c-ea03-e911-a2bd-c4346bcb1555,95.81125547,1,2005.885828,0.606226935,0.928334347,0.202380353,0.001381585,0.6,0.334425352,0.000825286,1997.845831,2.001196841,0.69998946,2.530520056,2.738544995,1.68786828,0.926058096,1.767102431,0.759852465,1.147027416,0.90512449,1.559488088,3.122413751,1.46977087,3.214555259,0.177249155,1994.898816,3.659548642,0.00010659,0.100334782,0.422933592,0.435681283,0.378845134,0.050624747,0.542518275,0.161550953,0.588444871,0.905578639,1997.449615,0.628440414,0.487504642,1991,0.076281928,16.50333823,0.057143568,16.2279908,0.589866284,2005.897093,1.711437093,0.001309416,16237
48,43,5ad251d1-8c0a-e911-a2bd-c4346bcb1555,95.81075071,0.993561757,2006.182886,0.543910738,0.928887575,0.155877407,0.001354124,0.6,0.355652813,0.000691958,1998.826879,2.107170675,0.745456484,2.489892632,2.747862769,1.596570812,1.007821395,1.704961933,0.764144665,1.167045458,0.9,1.447752772,3.057394694,1.559392167,3.036863795,0.169017613,1994.428547,3.409208644,0.000104891,0.097902938,0.3939911,0.531450236,0.37025343,0.051286425,0.612391211,0.135049326,0.60072565,1,1997.272462,0.644508982,0.402379793,1991,0.070798668,16.59426186,0.040898722,15.97035484,0.608603764,2007.566611,1.839380177,0.001404081,1212
49,38,edc6a27f-fc03-e911-a2bd-c4346bcb1555,95.81072995,1,2006.277573,0.637383983,0.902927176,0.222283219,0.00135044,0.6,0.340130847,0.000818248,1997.746341,2.141286442,0.721599309,2.515390674,2.851409772,1.655700314,0.768145846,1.719286652,0.819404458,1.209531263,0.936147546,1.517742536,3.105172739,1.461704377,3.088363392,0.205078767,1994.828203,3.562844643,0.000104759,0.050938792,0.393146367,0.440684879,0.382996535,0.071390328,0.533406681,0.15751975,0.619975742,0.971555545,1997.835012,0.673428194,0.475144424,1991,0.072906614,16.17104225,0.069702705,16.17240584,0.574019442,2005.414631,1.774670292,0.00121111,28489
50,45,3ea06210-b30a-e911-a2bd-c4346bcb1555,95.81059549,1,2005.800197,0.568391883,0.953295782,0.149687049,0.00159339,0.6,0.33786138,0.00097819,1997.810035,2.362726641,0.716001515,2.290788893,3.329347348,1.571760508,0.94674748,1.686063457,0.793837041,1.182052731,1.000300784,1.511106174,3.246044868,1.504412731,3.074111824,0.172059221,1993.731329,3.244709173,0.000111381,0.137182976,0.404110299,0.519916334,0.37694922,0.068548271,0.661710296,0.111625126,0.649598066,0.924487619,1997.730944,0.620658452,0.411727223,1991,0.055487299,16.57907949,0.045837836,16.16964803,0.69292326,2008.441653,1.951159811,0.001437144,46171
51,33,15fcdfd6-d002-e911-a2bd-c4346bcb1555,95.8099659,0.97233373,2006.084634,0.623998278,0.91951607,0.235356444,0.001322861,0.6,0.438431583,0.000855764,1998.005629,1.908102329,0.687801365,2.090012006,3.706103359,1.686743108,0.920377313,1.708106372,0.844253889,1.244169208,0.9,1.488899474,3.021574411,1.475887457,2.907230515,0.21083888,1994.787566,3.925590809,0.00011129,0.089849146,0.387695392,0.443829964,0.370484224,0.076820488,0.566085105,0.184077657,0.582075237,0.813364863,1998.491096,0.642336657,0.472699831,1991,0.06379827,16.61658768,0.047611034,16.43982089,0.646923437,2005.800017,1.781090107,0.001463168,45330
52,40,f6ab58f2-2804-e911-a2bd-c4346bcb1555,95.80973256,0.994912012,2006.085822,0.579646084,0.918148172,0.181296672,0.001463555,0.6,0.335236025,0.000647337,1996.441458,2.12372388,0.63079984,2.452406298,2.531676127,1.561694241,0.924098124,1.855714503,0.724954053,1.181313101,0.923655267,1.535913863,3.147415371,1.544410477,3.028410093,0.193445551,1994.710416,3.556030366,0.000108102,0.042437009,0.389383574,0.470848322,0.400098213,0.037562398,0.587205895,0.138568752,0.566675501,0.92478069,1996.728742,0.629490651,0.425099611,1991,0.065679408,16.3142943,0.03777926,16.81675078,0.621265892,2008.152457,1.703328245,0.001151798,57180
53,34,c5765442-0c03-e911-a2bd-c4346bcb1555,95.80954188,1,2006.248851,0.655164208,0.922380057,0.224769918,0.001363423,0.6,0.423191454,0.000831718,1998.433767,2.034164521,0.66776618,2.242053845,2.475332079,1.674543764,0.862017678,1.754624801,0.815054949,1.270806488,0.956328538,1.499226034,2.980859694,1.424028922,3.031012396,0.185791268,1995.252353,3.579810823,0.000103683,0.090253885,0.413163078,0.413075544,0.369301727,0.070608611,0.594778428,0.171270878,0.60357608,0.872925122,1998.78514,0.676065232,0.550828419,1991,0.050683851,16.57367361,0.049074199,16.61340637,0.581879287,2006.405846,2.007531609,0.001468437,17053
54,34,adef0c6d-1603-e911-a2bd-c4346bcb1555,95.80870486,0.983542461,2005.934314,0.626041463,0.93835049,0.209797236,0.001534615,0.6,0.339308392,0.000878994,1998.4253,1.95939093,0.667013879,2.244393458,2.684005358,1.669557704,0.891861925,1.760283012,0.830218882,1.245479494,0.943323929,1.524203582,3.018521726,1.443754157,3.004484845,0.18933511,1995.390107,3.505747451,0.000106988,0.094937464,0.388662531,0.444936386,0.383287507,0.066984146,0.555434237,0.153995572,0.631708584,0.88477581,1998.414259,0.619563516,0.475531519,1991,0.06830344,16.6206389,0.040835726,16.60578033,0.61075059,2005.355117,2.08432108,0.001425998,45388
55,35,a2fef029-7203-e911-a2bd-c4346bcb1555,95.80840795,1,2006.035922,0.611642024,0.938765349,0.222805085,0.001580868,0.6,0.355861264,0.000760104,1997.885174,2.108731922,0.692254036,2.222899657,2.892118558,1.653932464,0.824192516,1.773048147,0.838644439,1.26690756,0.968128147,1.541825025,2.915733286,1.448404722,3.018288564,0.201202627,1994.953908,3.601377832,0.000109759,0.040859402,0.41629812,0.415038042,0.360410309,0.06347681,0.532215974,0.154970843,0.643555757,0.860204102,1998.539695,0.666543648,0.484316723,1991,0.062132072,16.51183571,0.050706125,16.70925225,0.587643602,2006.969385,2.045290851,0.001422043,52550
56,34,6c3b1ed2-1103-e911-a2bd-c4346bcb1555,95.80818246,0.986282552,2006.178528,0.664010864,0.934095039,0.188418767,0.001488962,0.6,0.40763933,0.000799253,1998.668859,1.894449904,0.696444399,2.194225929,2.597710517,1.685761392,0.921923579,1.828085763,0.825461697,1.299655538,0.981164653,1.546822167,3.035032999,1.445513822,3.102811167,0.195292786,1995.149375,3.628626093,0.00011307,0.085935272,0.414533261,0.424546055,0.394041443,0.080727973,0.552425819,0.162704294,0.564900538,0.867979443,1998.153718,0.617928665,0.478965172,1991,0.071524317,16.61123183,0.045995222,16.53342742,0.639546652,2006.641508,1.895128888,0.001476668,47332
57,31,693c775d-f801-e911-a2bd-c4346bcb1555,95.80808753,1,2005.887636,0.578163614,0.945522957,0.229903906,0.001541568,0.6,0.389993029,0.000994309,2000.309639,1.850247118,0.702185467,2.18277747,3.732994175,1.740778898,0.845558883,1.735267491,0.689025513,1.299563025,0.920935996,1.494832162,3.063070537,1.456235539,2.746248044,0.212440205,1994.99845,3.546925786,0.000108753,0.081014777,0.381058255,0.454049133,0.368220084,0.081759032,0.603842292,0.203940952,0.609250344,0.850583666,1998.318074,0.547524395,0.463069521,1991,0.05117376,16.33579943,0.048359829,16.91312875,0.573213609,2006.594268,1.816142067,0.001296122,1679
58,37,fb821f19-ea03-e911-a2bd-c4346bcb1555,95.8073065,1,2006.103483,0.640050168,0.923717293,0.207912113,0.001441542,0.6,0.395706225,0.000765168,1997.764491,2.09789329,0.679519572,2.404433855,2.314086669,1.612868586,0.889753214,1.691680872,0.829528659,1.182517325,0.906883647,1.528427519,3.1228157,1.439730366,3.142631379,0.190578165,1994.962146,3.804909156,0.000106518,0.093453824,0.416136388,0.397209952,0.374300394,0.052681003,0.565556495,0.177998815,0.550477103,0.866420359,1997.751279,0.634845943,0.517447732,1991,0.06707867,16.54611204,0.050421193,16.5616301,0.605144226,2006.427423,1.968944994,0.001332763,63725
59,44,7c07fc83-a20a-e911-a2bd-c4346bcb1555,95.80729581,0.970555882,2005.81909,0.615304215,0.942778937,0.149660244,0.001572376,0.6,0.354392905,0.000860053,1999.495323,2.370367382,0.710638345,2.504622752,3.345644903,1.61070341,0.906582213,1.677933283,0.699128227,1.088608265,0.956046563,1.475053556,2.975888714,1.533998821,3.262960461,0.178989815,1993.928676,3.294823448,0.00010867,0.099519515,0.385114559,0.500650514,0.332255111,0.039123021,0.671875482,0.103193189,0.620779416,0.971639881,1998.140189,0.656637542,0.409652028,1991,0.061797237,16.70302737,0.037091493,16.14094264,0.653698668,2008.053511,1.946043174,0.001312122,44805
60,48,33b2f1c8-770e-e911-a2bd-c4346bcb1555,95.80708872,0.987439044,2005.95227,0.599649686,0.948168431,0.142640092,0.001545206,0.6,0.325530949,0.000877303,1997.812939,2.27692964,0.700727615,2.635625932,3.097663262,1.603256291,0.941847995,1.672881405,0.744089925,1.103717079,1.000497699,1.527955597,3.189921621,1.539405064,2.922342896,0.188482074,1993.316872,3.48682721,0.000104534,0.132749865,0.385260732,0.534808347,0.379667458,0.056717296,0.654523632,0.078333936,0.689920436,0.970242992,1998.367201,0.648390752,0.455804846,1991,0.037757755,16.76137554,0.032369403,16.32001228,0.660615719,2007.206837,1.936288261,0.001410286,40031
61,30,dfcafbd6-8efd-e811-a2bd-c4346bcb1555,95.80684252,1,2006.190098,0.571142431,0.939071413,0.231122121,0.00146695,0.6,0.371631402,0.000943099,1999.690872,1.61995618,0.685055184,2.256507999,4.030745045,1.771330438,0.90151099,1.704627395,0.671992914,1.26724332,0.944088981,1.432186332,3.091159795,1.488605711,2.659331079,0.245817511,1996.388376,3.417437075,0.000109125,0.038371047,0.374649231,0.476049127,0.377819741,0.105861606,0.617914597,0.188558392,0.554696003,0.814191155,1999.460489,0.639496084,0.501861164,1991,0.048107676,15.99347801,0.038195611,16.80854727,0.55602748,2006.702403,1.622934362,0.001314739,11008
62,37,a60685e9-e803-e911-a2bd-c4346bcb1555,95.80639874,1,2005.905224,0.643354366,0.926591853,0.19453605,0.001458132,0.6,0.375555132,0.000828209,1998.161088,2.036445329,0.707715079,2.398453588,2.34146652,1.705239372,0.907560095,1.760082831,0.737514737,1.190021094,0.9,1.536829768,3.126241632,1.42973913,3.13055925,0.180972451,1995.306819,3.591232998,0.000110043,0.083403235,0.376529098,0.409207596,0.379365633,0.064480309,0.581905465,0.173116199,0.583484654,0.936898357,1997.482178,0.602995207,0.484259257,1991,0.067974894,16.39843596,0.058192428,16.36726927,0.593114717,2005.399834,1.909217154,0.001288916,60272
63,31,2be2ea38-f901-e911-a2bd-c4346bcb1555,95.80596062,1,2006.029644,0.577959327,0.939241252,0.225344293,0.001642142,0.6,0.429907136,0.000981616,1999.364772,1.778035731,0.73849866,2.167102942,3.816317277,1.724760553,0.84640237,1.728704033,0.784875761,1.3321272,0.905527979,1.46841388,3.123077994,1.458911343,2.698481387,0.220360997,1994.677292,3.760005489,0.000113646,0.070063334,0.390994341,0.445169024,0.353109562,0.087199876,0.569667396,0.203930695,0.545772312,0.886792594,1998.27293,0.614598697,0.486859883,1991,0.062077862,16.44634825,0.040150823,16.54215381,0.596808884,2006.605085,1.913747641,0.001266105,59948
64,31,6aa2862c-f901-e911-a2bd-c4346bcb1555,95.80589975,1,2005.603525,0.577730987,0.935679672,0.245510797,0.001571023,0.6,0.431402928,0.00100363,1999.69536,1.9249829,0.68785518,2.081458297,4.047249726,1.758809739,0.848106409,1.694093601,0.688580411,1.275606574,0.911781937,1.506372961,3.077841882,1.412576073,2.726051196,0.231207069,1994.437881,3.674637151,0.000114166,0.070358484,0.390795989,0.474966086,0.373094628,0.088446832,0.575321472,0.225360057,0.597871595,0.78824762,1998.875078,0.625693558,0.482218318,1991,0.05859248,16.3082488,0.043185868,16.71632304,0.568348272,2007.382104,1.892984448,0.00121322,6636
65,35,0f0bb108-6f03-e911-a2bd-c4346bcb1555,95.80556083,1,2006.03644,0.647755692,0.932835554,0.207255696,0.001509659,0.6,0.374656243,0.000802966,1997.940951,2.01715096,0.681916915,2.217496321,2.899857163,1.680390829,0.887963687,1.774940288,0.777226259,1.263137332,0.957095993,1.518657125,3.080570169,1.435305504,3.01549878,0.191145588,1995.251746,3.664119383,0.000108344,0.075263525,0.413318151,0.414424915,0.376999401,0.070334141,0.573543642,0.165664322,0.591747699,0.866164054,1998.282481,0.629759303,0.502562867,1991,0.062628879,16.48810159,0.044445908,16.59185276,0.605674416,2006.083812,2.00506268,0.001399348,39909
66,35,0b0bb108-6f03-e911-a2bd-c4346bcb1555,95.80533939,1,2006.03644,0.647755692,0.932835554,0.207255696,0.001509659,0.6,0.374656243,0.000802966,1997.940951,2.01715096,0.681916915,2.217496321,2.899857163,1.680390829,0.887963687,1.774940288,0.777226259,1.263137332,0.957095993,1.518657125,3.080570169,1.435305504,3.01549878,0.191145588,1995.251746,3.664119383,0.000108344,0.075263525,0.413318151,0.414424915,0.376999401,0.070334141,0.573543642,0.165664322,0.591747699,0.866164054,1998.282481,0.629759303,0.502562867,1991,0.062628879,16.48810159,0.044445908,16.59185276,0.605674416,2006.083812,2.00506268,0.001399348,11652
67,28,bdf77ad0-35fd-e811-a2bd-c4346bcb1555,95.80498034,1,2006.105493,0.605534803,0.934377488,0.231807009,0.001449879,0.6,0.363423226,0.001077104,2000.321709,1.873863743,0.645601734,2.449339613,4.302183644,1.745549563,0.975068361,1.691053415,0.650881446,1.25871607,0.947355923,1.427861099,3.048249255,1.579768707,2.508783488,0.248039059,1995.389369,3.754797425,0.000110438,0.066514266,0.367032422,0.454392414,0.39966135,0.101259128,0.524084393,0.21715314,0.570163568,0.801516989,1999.833077,0.651958406,0.507783342,1991,0.063157407,16.06218935,0.032798725,16.76279056,0.572395382,2006.618938,2.025406898,0.001411881,57784
68,46,017a45e0-5b0c-e911-a2bd-c4346bcb1555,95.80478705,0.995714835,2005.957303,0.520315745,0.943485641,0.159053343,0.001497109,0.6,0.34732,0.001046596,1998.396659,2.344659175,0.739415107,2.26188925,2.759914449,1.515409813,0.94792046,1.599415503,0.849330575,1.165031827,0.938969278,1.475687053,3.135541831,1.510673419,3.120664461,0.170716145,1993.875795,3.423718829,0.000111305,0.113248145,0.414181975,0.51601057,0.374934717,0.062266372,0.648871048,0.080808256,0.662425563,0.962829302,1998.028441,0.649810315,0.39117607,1991,0.046047026,16.66085321,0.039949935,16.20900595,0.673337564,2007.16745,1.938816618,0.0014535,31436
69,34,de739fcc-0b03-e911-a2bd-c4346bcb1555,95.80446874,1,2006.03644,0.647755692,0.932835554,0.207255696,0.001509659,0.6,0.374656243,0.000802966,1997.940951,2.01715096,0.681916915,2.217496321,2.899857163,1.680390829,0.887963687,1.774940288,0.777226259,1.263137332,0.957095993,1.518657125,3.080570169,1.435305504,3.01549878,0.191145588,1995.251746,3.664119383,0.000108344,0.075263525,0.413318151,0.414424915,0.376999401,0.070334141,0.573543642,0.165664322,0.591747699,0.866164054,1998.282481,0.629759303,0.502562867,1991,0.062628879,16.48810159,0.044445908,16.59185276,0.605674416,2006.083812,2.00506268,0.001399348,36823
70,33,4ada543f-ce02-e911-a2bd-c4346bcb1555,95.80335976,0.996793338,2005.935302,0.597899769,0.916436968,0.232950289,0.001402569,0.6,0.436674415,0.000754123,1998.79515,1.79830085,0.753052582,2.0299137,3.371096224,1.713034401,0.81122259,1.739587422,0.688969737,1.227912939,0.949572683,1.478029304,3.029589458,1.471468129,3.029406956,0.201166978,1994.760793,3.746457261,0.000112883,0.089956518,0.381995494,0.424519508,0.353442619,0.073791919,0.564938547,0.204794197,0.615675918,0.838411618,1998.400603,0.638887537,0.472499411,1991,0.066470852,16.49103374,0.049124467,16.61474945,0.61741178,2004.939269,1.814395275,0.001468976,30272
71,33,cfb1dbb0-cf02-e911-a2bd-c4346bcb1555,95.80332073,0.979492614,2005.885363,0.608832585,0.940655912,0.228069408,0.001496465,0.6,0.44810365,0.001045179,1998.620886,1.883491262,0.719247739,2.060815999,2.922624674,1.756969092,0.915880421,1.738880878,0.805598729,1.297256513,0.920316728,1.498200793,3.078731626,1.469225339,2.957373862,0.204423044,1995.040297,3.714335228,0.000113611,0.096034876,0.401779688,0.417442555,0.376040759,0.07734737,0.577136864,0.188962412,0.605665992,0.850257691,1998.904197,0.655070918,0.488521982,1991,0.076296202,16.6239822,0.051379717,16.49332764,0.627734931,2005.326086,2.022613046,0.001413331,47589
72,47,b9c67c69-6a0e-e911-a2bd-c4346bcb1555,95.8028182,0.978556009,2005.880183,0.601024814,0.949242248,0.1369181,0.001568545,0.6,0.340737852,0.00083931,1998.519073,2.261937008,0.677375938,2.557018969,3.131227531,1.599669168,0.930210543,1.63456741,0.734526984,1.154750884,1.006371983,1.577788506,3.131281836,1.535286239,2.906111988,0.200324061,1993.5652,3.47667781,0.00010597,0.126581925,0.378586719,0.563298441,0.387939551,0.054798151,0.660923349,0.08539652,0.670652734,0.981838345,1998.470142,0.635445534,0.431321329,1991,0.038721505,16.61672599,0.031928835,16.38744744,0.652374839,2007.618248,1.943997747,0.001387025,41964
73,32,014a71d2-0702-e911-a2bd-c4346bcb1555,95.80249389,1,2005.788374,0.644073323,0.936156904,0.201456411,0.001465709,0.6,0.391202033,0.00093224,1998.892912,1.934960253,0.690488392,2.266629014,3.401431039,1.764527997,0.939328919,1.728363536,0.813058985,1.297836935,0.9,1.482531871,3.03047698,1.510086648,2.963588489,0.208058956,1994.249394,3.858575461,0.000113324,0.08134567,0.38176976,0.410318303,0.383770978,0.080762549,0.573947048,0.17273827,0.605273322,0.849475464,1998.214382,0.592156285,0.442733761,1991,0.060046011,16.41806505,0.039828061,16.4561177,0.617921302,2007.019522,1.990737886,0.001333457,33182
74,48,206c0e77-790e-e911-a2bd-c4346bcb1555,95.80237707,0.967429379,2005.523104,0.600321657,0.951732574,0.14250341,0.001469005,0.6,0.345772361,0.000900077,1998.092384,2.245159275,0.717276333,2.808603197,3.281123111,1.666210787,0.935738986,1.672785043,0.761847226,1.066358258,0.9522769,1.538949986,3.17351257,1.597653488,2.852969139,0.202057209,1993.55629,3.348189976,0.000101206,0.136165253,0.390628721,0.503234156,0.361080095,0.059187577,0.682008118,0.106324974,0.709899972,0.979484914,1998.457051,0.709030079,0.47452926,1991,0.044599604,16.76072343,0.041642957,16.31226853,0.650110951,2006.952194,1.914264686,0.001451319,57022
75,33,9c35f86d-d002-e911-a2bd-c4346bcb1555,95.80182518,1,2005.793756,0.609733823,0.930176775,0.239189803,0.001518825,0.6,0.447737938,0.000936933,1998.129037,1.888919429,0.709773422,2.314517745,3.208971694,1.740914698,0.932848843,1.725334429,0.681424984,1.276404256,0.9,1.478348607,2.931562175,1.477201866,3.062493731,0.213620137,1995.315735,3.701788955,0.00011053,0.089334473,0.393274605,0.463235749,0.379062273,0.07222872,0.594081604,0.185086854,0.587045552,0.810496268,1998.404971,0.621464715,0.475010936,1991,0.075968683,16.45502079,0.066187318,16.59805582,0.657869287,2006.668481,1.996540071,0.001267566,13195
76,48,6c57e3b9-7c0e-e911-a2bd-c4346bcb1555,95.80175277,0.956948306,2005.942777,0.637115747,0.951865888,0.154071406,0.00165801,0.6,0.308233525,0.000905018,1997.918827,2.341935661,0.712933581,2.599732931,2.919222173,1.618100431,0.874345891,1.662596603,0.722036319,1.142454784,1.03211086,1.524564438,3.197808598,1.538312009,2.901346237,0.185642125,1993.290165,3.465651177,0.000104436,0.130388545,0.401376373,0.549676581,0.381309482,0.05372054,0.644241163,0.060880627,0.679580189,0.991649225,1998.325357,0.674718857,0.43005846,1991,0.047969093,16.83760126,0.039804512,16.6197438,0.636499674,2006.871088,2.03596404,0.001493991,29538
77,38,e55145ad-f803-e911-a2bd-c4346bcb1555,95.80166215,1,2006.357588,0.637696492,0.92373681,0.216490461,0.001444019,0.6,0.373572417,0.000761072,1997.168452,2.08923932,0.668734223,2.348302718,2.728432523,1.657435113,0.880705937,1.733527327,0.769428763,1.236368207,0.927337526,1.502602912,3.13075974,1.439239887,3.125790147,0.200923623,1994.653742,3.589254513,0.000104438,0.06015501,0.400850916,0.432157706,0.390525161,0.065281466,0.564506133,0.156121295,0.576203071,0.924288219,1997.63741,0.659028861,0.486568804,1991,0.067640475,16.29808445,0.059256085,16.15914226,0.598707194,2006.103299,1.771519575,0.001244551,64076
78,49,9ab025d2-8a0e-e911-a2bd-c4346bcb1555,95.80138196,0.991305594,2005.733494,0.576106008,0.956553395,0.14486776,0.00174826,0.6,0.306200724,0.000830452,1998.602635,2.254125134,0.675431085,2.52145932,2.92939864,1.66167285,0.920282511,1.636667023,0.766389881,1.054136152,1.030301049,1.503182337,3.226262395,1.501273334,2.908922418,0.192638312,1993.620489,3.465936765,0.000103456,0.140222672,0.384944927,0.543275061,0.363097186,0.066715612,0.660857675,0.074933493,0.67460491,0.958661121,1999.140249,0.682358641,0.454075014,1991,0.036981761,16.65697906,0.037792155,16.28639714,0.689992032,2007.108068,2.009457895,0.001437664,10879
79,44,f30ea6f8-a10a-e911-a2bd-c4346bcb1555,95.80135341,1,2005.857751,0.596209233,0.938928895,0.145392079,0.001516458,0.6,0.404725832,0.000876649,1999.321298,2.277301073,0.705609156,2.510771213,2.877298367,1.57954068,0.986016072,1.695570798,0.729469442,1.137363246,0.927732886,1.483744248,3.072670895,1.465314512,3.16332665,0.161235282,1993.845454,3.4629245,0.00012074,0.072632834,0.370252566,0.529215418,0.371319581,0.053571362,0.604376958,0.124657182,0.611020857,0.96829758,1997.866691,0.635782851,0.385685759,1991,0.063522519,16.92506261,0.043956854,16.1371017,0.657397714,2008.187851,2.135480179,0.001316649,46003
80,43,1e6e9dd3-8d0a-e911-a2bd-c4346bcb1555,95.80110806,1,2006.137439,0.58240688,0.946656525,0.101234208,0.001611771,0.6,0.388784307,0.000803046,1999.291067,2.110377639,0.711166164,2.520851194,2.464653527,1.540049482,0.932337107,1.676853916,0.712046159,1.16057848,0.9,1.495806717,3.154582253,1.486792347,2.90316923,0.167902403,1994.25301,3.157791199,0.000109627,0.070815652,0.395819398,0.529178483,0.362292182,0.054165622,0.638183682,0.121459007,0.654044708,1,1997.31167,0.675703924,0.446542727,1991,0.054032726,16.80648129,0.033623243,16.27020551,0.610955347,2006.490942,2.186009559,0.00132947,15752
81,35,a72d027b-6f03-e911-a2bd-c4346bcb1555,95.799916,1,2005.902135,0.645666546,0.930329661,0.227624759,0.001554428,0.6,0.414168075,0.000884932,1998.436965,2.114307437,0.689777369,2.145351991,2.977487238,1.682537612,0.852240352,1.77438678,0.874860147,1.279781791,0.936068178,1.531599784,2.973339723,1.429340233,2.858498198,0.195707461,1995.310918,3.618541751,0.00011047,0.089604336,0.424967836,0.42018766,0.38122396,0.066777397,0.589080818,0.16513764,0.564828863,0.897845868,1998.638128,0.607295151,0.513023809,1991,0.057393746,16.53517149,0.041326163,16.617778,0.600763412,2005.629434,2.064528133,0.001394771,58491
82,34,f82b3ee5-1403-e911-a2bd-c4346bcb1555,95.79958265,1,2005.954864,0.615553974,0.936520109,0.228920446,0.0015762,0.6,0.367004195,0.000739854,1999.255499,1.9387752,0.644491886,2.231503276,2.730769069,1.666417831,0.81807984,1.834822193,0.754867474,1.310826535,0.972184104,1.49647159,3.120679625,1.481914191,2.99782742,0.183014278,1994.968228,3.480207813,0.000109878,0.079542974,0.40401783,0.406724192,0.384731439,0.063863513,0.544215723,0.172219616,0.575536112,0.864551788,1999.041538,0.674420069,0.490382197,1991,0.054333298,16.53430523,0.044637288,16.54894137,0.618728455,2006.171127,1.9329755,0.001406924,34087
83,39,961bfd8b-0b04-e911-a2bd-c4346bcb1555,95.79956542,1,2005.953986,0.655163565,0.916275675,0.195347941,0.001373194,0.6,0.371097552,0.000543675,1996.721339,1.98217194,0.656782131,2.361542234,2.363832807,1.565854168,0.920935763,1.75659699,0.852974036,1.178771541,0.910574113,1.512747421,3.047147344,1.507162348,3.103766332,0.183727996,1994.62868,3.675534133,0.000108838,0.038007057,0.36225191,0.490930839,0.389053565,0.058515534,0.547767162,0.196838148,0.582793794,0.978029612,1996.952651,0.702218601,0.439651357,1991,0.082748203,16.35171023,0.045173688,16.24352396,0.577633754,2006.917374,1.7015695,0.001280973,34665
84,36,f6f53d17-d703-e911-a2bd-c4346bcb1555,95.79935478,1,2005.518614,0.648631162,0.93117752,0.221129873,0.001515755,0.6,0.401026249,0.000799242,1997.767571,2.061208743,0.676863729,2.33926153,2.63423943,1.639419217,0.918905319,1.798207734,0.815538616,1.196085345,0.950797573,1.527610459,3.10338715,1.437071853,3.136694103,0.199324262,1995.400478,3.807494456,0.000104272,0.082594936,0.388199036,0.44572141,0.395286229,0.072445505,0.548074665,0.159860431,0.543479402,0.915681605,1997.459967,0.590100823,0.471366794,1991,0.075294968,16.47966513,0.062560394,16.23571057,0.580206995,2005.103708,1.636319424,0.001366367,61876
85,49,4059fb39-8e0e-e911-a2bd-c4346bcb1555,95.79901554,1,2005.581412,0.578628489,0.949926703,0.142631775,0.001517166,0.6,0.289246094,0.000733411,1997.680331,2.443969546,0.742606667,2.714224922,3.291171835,1.59954289,0.928372672,1.685054687,0.715691772,1.081950369,0.988592704,1.518453271,3.086468729,1.570029535,2.926724038,0.181632847,1993.227469,3.563318397,0.000110244,0.113368172,0.375078361,0.537834484,0.34457494,0.063970451,0.687773036,0.092370229,0.702591331,1,1998.147073,0.611858843,0.466256181,1991,0.043288234,16.6898012,0.024500475,16.52148466,0.668113615,2006.228979,2.030741452,0.001401194,29635
86,30,f18d0f18-8bfd-e811-a2bd-c4346bcb1555,95.79869087,1,2005.886326,0.586184687,0.935651482,0.231285645,0.001468256,0.6,0.364299211,0.000971731,1999.535374,1.865013803,0.677969489,2.307667529,3.763543723,1.717316102,0.893085901,1.687900728,0.672233009,1.266236306,0.917971926,1.460244313,3.183365518,1.531957909,2.6535269,0.237996903,1995.360296,3.482127591,0.000110921,0.030562477,0.376971306,0.474794862,0.383501617,0.100949861,0.572146243,0.198320774,0.57500538,0.838890766,1999.143318,0.614828932,0.473078756,1991,0.054184633,16.19003661,0.044746403,16.76720591,0.569332668,2006.834815,1.820890239,0.001253158,1943
87,27,61d097fc-26fd-e811-a2bd-c4346bcb1555,95.79865778,1,2005.758166,0.558820106,0.935314981,0.229402454,0.001521124,0.6,0.37360452,0.001031297,1999.982683,1.821842214,0.672225975,2.340167758,4.298149683,1.763786051,1.016778071,1.705190616,0.641284181,1.258769044,0.919838658,1.419755551,3.107561189,1.551487568,2.498263019,0.255570807,1995.378685,3.747900868,0.00010845,0.041544515,0.388685598,0.474644736,0.408106895,0.09809325,0.531011163,0.215924683,0.580264681,0.820938388,1999.995237,0.682380853,0.49194023,1991,0.049914077,16.12221624,0.021061445,16.85899296,0.561712899,2007.400941,1.912309587,0.001246379,34854
88,32,9a2acdcb-0802-e911-a2bd-c4346bcb1555,95.79838572,0.988064872,2005.865182,0.612497597,0.931002637,0.201432698,0.001504436,0.6,0.409881501,0.000978169,1998.535826,1.857318535,0.705420855,2.135482021,3.684580996,1.756020224,0.848307085,1.744691097,0.715477709,1.289028528,0.924430178,1.478580501,3.158886514,1.473290609,2.882585031,0.221694447,1994.004282,3.647768811,0.00011564,0.087957522,0.385808405,0.427541914,0.405559392,0.08543746,0.569374719,0.187114534,0.642057112,0.820970562,1998.831893,0.641630053,0.451170394,1991,0.068345062,16.47285889,0.053072338,16.17708773,0.637654617,2007.374066,1.979924028,0.001243214,63874
89,37,fdcdd1f6-e703-e911-a2bd-c4346bcb1555,95.79826046,1,2005.578882,0.583764638,0.937625049,0.182597282,0.001457223,0.6,0.328874041,0.000920861,1998.094639,2.003655233,0.672067325,2.365550529,3.112121507,1.687159022,0.858460658,1.789074328,0.757579667,1.155953551,0.935013922,1.506959244,2.952694283,1.509629688,3.207146141,0.179026619,1994.483378,3.87283306,0.000103795,0.068628926,0.404692685,0.409405976,0.392911143,0.064790329,0.535660537,0.169311484,0.59950617,0.913491694,1997.798028,0.632887771,0.483437903,1991,0.058946472,16.5526328,0.076758265,16.24134264,0.615839018,2005.623968,1.840642151,0.001417319,49040
90,29,c559dff9-48fd-e811-a2bd-c4346bcb1555,95.79792413,1,2006.0749,0.644586221,0.92828145,0.259068512,0.001566701,0.6,0.393117255,0.000961039,1999.24752,1.846642843,0.733293253,2.282830283,3.862886863,1.745892106,0.998430232,1.739098825,0.748494742,1.238917013,0.9,1.43964565,3.106962361,1.552735148,2.571353889,0.252789215,1995.639053,3.53409822,0.000116032,0.012626992,0.37036883,0.479296053,0.407851979,0.097529881,0.576849681,0.212220695,0.572781709,0.870152936,1998.848913,0.632419993,0.472750095,1991,0.058379394,16.39080728,0.045929303,16.99329921,0.556171255,2007.179212,1.909168143,0.001160909,2748
91,31,2bc6a2ba-f901-e911-a2bd-c4346bcb1555,95.79789821,1,2006.331235,0.555352892,0.936901518,0.247288094,0.001565445,0.6,0.394219005,0.000947642,2000.168179,1.884536907,0.725332767,2.203539096,3.269350003,1.687743805,0.86967827,1.744240364,0.703324744,1.328477646,0.9,1.50354712,3.15435961,1.477787643,2.706710755,0.233277509,1995.335989,3.707156934,0.000110976,0.057486468,0.361050549,0.46256581,0.36544468,0.096057183,0.600027865,0.180423068,0.574937513,0.841328622,1998.715005,0.602803253,0.483972761,1991,0.055684651,16.27877885,0.049903197,16.75533892,0.590030154,2007.398236,2.010674522,0.001200412,8030
92,28,3d0c361b-38fd-e811-a2bd-c4346bcb1555,95.79738044,1,2005.669176,0.5734307,0.936531457,0.200034875,0.001531189,0.6,0.410316452,0.001092593,2000.04096,1.816749111,0.661369805,2.385242754,4.374014523,1.69375617,1.02022608,1.71891294,0.626093733,1.263416899,0.9,1.372064774,3.118430138,1.568567561,2.564128903,0.254839747,1995.486954,3.742715664,0.000107813,0.041199448,0.374804128,0.496404785,0.414206285,0.105253932,0.547406004,0.225915442,0.57420886,0.846485454,2000.240213,0.707936557,0.464748692,1991,0.031923858,15.92979016,0.036703348,16.83909457,0.536810795,2008.220921,2.003542579,0.001235492,21998
93,44,247da518-a00a-e911-a2bd-c4346bcb1555,95.79729405,0.982144756,2005.987485,0.587369404,0.944096031,0.152267521,0.001507601,0.6,0.37924474,0.000912203,1999.26384,2.334980007,0.747079988,2.518402356,2.953676741,1.641026622,0.83469767,1.669324969,0.843180987,1.112736335,0.9,1.465165454,2.96410805,1.50814992,3.092668234,0.167756891,1993.661814,3.448764911,0.000109053,0.116914579,0.377242503,0.520346748,0.385274017,0.048096581,0.646302018,0.123373713,0.619939752,0.947368935,1997.739325,0.638346882,0.387857997,1991,0.057374206,16.71296953,0.046499973,16.22008536,0.679428666,2007.205562,2.076788635,0.001442645,50019
94,35,100bb108-6f03-e911-a2bd-c4346bcb1555,95.79710238,1,2006.03644,0.647755692,0.932835554,0.207255696,0.001509659,0.6,0.374656243,0.000802966,1997.940951,2.01715096,0.681916915,2.217496321,2.899857163,1.680390829,0.887963687,1.774940288,0.777226259,1.263137332,0.957095993,1.518657125,3.080570169,1.435305504,3.01549878,0.191145588,1995.251746,3.664119383,0.000108344,0.075263525,0.413318151,0.414424915,0.376999401,0.070334141,0.573543642,0.165664322,0.591747699,0.866164054,1998.282481,0.629759303,0.502562867,1991,0.062628879,16.48810159,0.044445908,16.59185276,0.605674416,2006.083812,2.00506268,0.001399348,46822
95,44,1704fef8-9d0a-e911-a2bd-c4346bcb1555,95.79692381,1,2005.980703,0.616589564,0.937911034,0.10992092,0.001459727,0.6,0.322737734,0.000857128,1998.278459,2.406742407,0.715779144,2.588900313,3.264621958,1.614906984,0.925391868,1.697643028,0.796923084,1.060555151,0.9,1.466211748,3.053306997,1.49464762,3.065841146,0.173534378,1993.47836,3.507862356,0.000104837,0.087482711,0.365508165,0.538400902,0.355730298,0.051294346,0.664170313,0.119721414,0.626533621,0.952087607,1997.638671,0.658619512,0.421683622,1991,0.059627358,16.42567441,0.042229015,16.22723742,0.667757533,2008.672119,2.111174485,0.001356407,6650
96,36,403e170a-d503-e911-a2bd-c4346bcb1555,95.79680946,0.979839301,2005.729292,0.63129865,0.942051866,0.198768851,0.001655121,0.6,0.32532214,0.000845454,1997.737802,2.133175523,0.630591313,2.485889607,2.273921127,1.672086293,0.961017005,1.771595464,0.725142269,1.162654811,0.963615683,1.501525945,3.098711753,1.484725781,3.242789073,0.17833316,1994.939838,3.677845432,0.000105844,0.091401298,0.38834309,0.432394372,0.401381644,0.064026145,0.539644165,0.186293297,0.551818928,0.888536326,1997.232502,0.61691748,0.507833792,1991,0.075589288,16.40414899,0.043466586,16.03044853,0.604297659,2005.49737,1.799326334,0.00123152,5939
97,44,7307fc83-a20a-e911-a2bd-c4346bcb1555,95.79672017,1,2006.047534,0.531408492,0.939184347,0.170306907,0.001568673,0.6,0.404201728,0.000921882,1998.430093,2.328684518,0.752660287,2.54764189,2.64371629,1.598425628,0.963195183,1.755138739,0.809541528,1.124156712,0.966669351,1.444728374,3.150381304,1.523881203,3.145237358,0.173811046,1994.775639,3.446619727,0.000114035,0.117762971,0.385536501,0.482594207,0.338189036,0.049537977,0.599213862,0.08417853,0.64177026,0.928202631,1997.334279,0.623235032,0.432432373,1991,0.065954095,16.69765191,0.032937971,16.22058991,0.682949902,2007.75265,2.067917852,0.001303294,25079
98,43,bfaca14d-8c0a-e911-a2bd-c4346bcb1555,95.79663322,0.992504852,2006.061832,0.620563428,0.934164739,0.113143902,0.001505818,0.6,0.352232254,0.000756035,1999.481859,2.258351965,0.736315818,2.433453473,2.762835922,1.632103624,0.927898158,1.722335074,0.715172862,1.189274945,0.930057051,1.465242694,3.103388202,1.506239833,3.161350497,0.161025524,1994.504135,3.403636237,0.000107811,0.073266441,0.390095183,0.494710329,0.378150954,0.054731119,0.622098224,0.124499566,0.608817575,1,1997.559507,0.684047561,0.390152763,1991,0.066124351,16.75142466,0.030308495,16.156983,0.622658865,2006.921525,2.006764928,0.001288278,8976
99,31,9853ee0c-fa01-e911-a2bd-c4346bcb1555,95.79620654,1,2005.680738,0.591194249,0.937976278,0.234314209,0.00150132,0.6,0.398735228,0.000981613,1999.17371,1.964180735,0.667133235,2.236390191,3.804757238,1.73607707,0.903492852,1.735848196,0.677704606,1.336856738,0.9,1.543008272,3.082368689,1.492835863,2.641757954,0.212374615,1995.433872,3.73669322,0.000117887,0.07257863,0.369929082,0.470313509,0.370460677,0.07969019,0.659160899,0.199042575,0.610456144,0.838998497,1998.738268,0.639669178,0.471849599,1991,0.061381556,16.30104193,0.033746103,16.6842402,0.593201625,2007.587642,2.060449732,0.001186297,15992
